{"TVL":3170597.2237276346,"totalSupply":7586401.104781914,"totalBorrow":4415803.881054278,"markets":{"ENJ":{"id":"0x28af5f61544916d33c4105eb536c9177f5523b67","supply":73581.27325144676,"borrow":17361.67500127954,"priceETH":0.000606686735822937,"priceUSD":2.421373604463933,"cash":56241.76358642287,"cashUSD":136182.32181666512},"USDC":{"id":"0x3fed9c8b527fa6299b3044e5178acc34ec2e25e2","supply":3393166.824415998,"borrow":2350414.930059,"priceETH":0.00032,"priceUSD":1,"cash":1060860.539651,"cashUSD":1060860.539651},"ETH":{"id":"0x4ae7413182849d062b72518928a4b2de87f0e411","supply":789.0330290499735,"borrow":481.73648608933263,"priceETH":1,"priceUSD":3077.86014025,"cash":308.38845430797664,"cashUSD":949176.5312278296},"MATIC":{"id":"0x54c312ba0b974d56e2c532ca407ffda2c6a14793","supply":11502.754497566037,"borrow":3030.8290874075556,"priceETH":0.000466963699187001,"priceUSD":2.09912081,"cash":8478.377671701888,"cashUSD":17797.13900570878},"DOP":{"id":"0xaa08183a98b10bbadb9ccaa852319382120d4683","supply":178839.4592167418,"borrow":43093.71966157255,"priceETH":0.000955868613652361,"priceUSD":2.985919,"cash":135745.73955516925,"cashUSD":405325.7829068314},"WBTC":{"id":"0xdb6994189db5f14a9261cf0420cc377badab03be","supply":27.49112259,"borrow":10.84249593,"priceETH":14.59880177,"priceUSD":37407.981582,"cash":16.66793066,"cashUSD":623513.6431393331}}}
